allele,avg_frequency,total_sample_size,locus,num_regions
A*31:01,0.028702439024390246,170912,A,1
A*31:01:02,0.021717857142857143,28580,A,2
