allele,avg_frequency,total_sample_size,locus,num_regions
A*31,0.0323359375,350327,A,2
A*31:01,0.028702439024390246,170912,A,1
