allele,avg_frequency,total_sample_size,locus,region
A*31,0.022671874999999998,349436,A,Europe
A*31:01,0.028702439024390246,170912,A,Europe
A*31,0.042,891,A,Australia
